  mmappua2 	Umber	Ahmad	umber.ahmad@student.manchester.ac.uk	Student		Yes
  mbgm5ma8 	Mohamed	Ali	mohamed.ali-6@student.manchester.ac.uk	Student		Yes
  p91526ea 	Elizabeth	Allum	elizabeth.allum@student.manchester.ac.uk	Student		Yes
  c25170ya 	Yuan	An	yuan.an@student.manchester.ac.uk	Student		Yes
  s54346ea 	Edward	Aspden	edward.aspden@student.manchester.ac.uk	Student		Yes
  mbgm5ta2 	Theresia	Avilla	theresia.avilla@student.manchester.ac.uk	Student		Yes
  t24833tb 	Thibault	Beineix	thibault.beineix@student.manchester.ac.uk	Student		Yes
  mbgm5mb2 	Matthew	Berry	matthew.berry-2@student.manchester.ac.uk	Student		Yes
  mbgm5tb2 	Torin	Blausten	torin.blausten@student.manchester.ac.uk	Student		Yes
  mlibbjb3 	James	Brocklehurst	james.brocklehurst@student.manchester.ac.uk	Student		Yes
  j27244eb 	Elena	Bronder-Chang	elena.bronder-chang@student.manchester.ac.uk	Student		Yes
  mbgm5hb4 	Henry	Brown	henry.brown@student.manchester.ac.uk	Student		Yes
  z06557jb 	Joe	Bwye	joe.bwye@student.manchester.ac.uk	Student		Yes
  r00681ac 	Alessandro	Chiandet	alessandro.chiandet@student.manchester.ac.uk	Student		Yes
  p24310wc 	William	Cowey	william.cowey@student.manchester.ac.uk	Student		Yes
  mcliafc3 	Freya	Crosthwaite	freya.crosthwaite@student.manchester.ac.uk	Student		Yes
  m87437jc 	Julia	Czarnecka	julia.czarnecka@student.manchester.ac.uk	Student		Yes
  j97709wd 	William	Davies	william.davies-6@student.manchester.ac.uk	Student		Yes
  a33624od 	Olivia-Faye	Dickinson	olivia-faye.dickinson@student.manchester.ac.uk	Student		Yes
  m37824yd 	Yizhuo	Ding	yizhuo.ding@student.manchester.ac.uk	Student		Yes
  mbgm5cd2 	Celia	Drysdale	celia.drysdale@student.manchester.ac.uk	Student		Yes
  b81431nf 	Neeshat	Faruk	neeshat.faruk@student.manchester.ac.uk	Student		Yes
  mbgm5jf4 	Jack	Fearn	jack.fearn-2@student.manchester.ac.uk	Student		Yes
  f67363yf 	Yiqian	Fu	yiqian.fu@student.manchester.ac.uk	Student		Yes
  e70984rg 	Riaz	Gija	riaz.gija@student.manchester.ac.uk	Student		Yes
  x35011ag 	Alberto	Gonzalez Garcia	alberto.gonzalezgarcia@student.manchester.ac.uk	Student		Yes
  z79819ng 	Michael	Green	michael.green-6@student.manchester.ac.uk	Student		Yes
  mcliaeh2 	Eliot	Hampton	eliot.hampton@student.manchester.ac.uk	Student		Yes
  r17593sh 	Shiyu	Han	shiyu.han@student.manchester.ac.uk	Student		Yes
  x89461xh 	Xinyang	Hao	xinyang.hao@student.manchester.ac.uk	Student		Yes
  w88398zh 	Zhang	Haoruo	zhang.haoruo@student.manchester.ac.uk	Student		Yes
  e30102mh 	Mohammed	Hassan	mohammed.hassan-3@student.manchester.ac.uk	Student		Yes
  p73647ch 	Chuwei	He	chuwei.he@student.manchester.ac.uk	Student		Yes
  y46026rh 	Ruisheng	He	ruisheng.he@student.manchester.ac.uk	Student		Yes
  mcliadh3 	Diego	Hernandez Mendez	diego.hernandezmendez@student.manchester.ac.uk	Student		Yes
  mcliaeh3 	Edward	Hill	edward.hill@student.manchester.ac.uk	Student		Yes
  e45650ch 	Chongzhi	Huang	chongzhi.huang@student.manchester.ac.uk	Student		Yes
  e69830di 	Dirie	Isse	dirie.isse@student.manchester.ac.uk	Student		Yes
  mclialj4 	Lewis	Jones	lewis.jones-2@student.manchester.ac.uk	Student		Yes
  intozhj2 	Heun	Jung	heun.jung@student.manchester.ac.uk	Student		Yes
  s57804rk 	Raheela	Khan	raheela.khan@student.manchester.ac.uk	Student		Yes
  k30066nk 	Nata	Khatiashvili	nata.khatiashvili@student.manchester.ac.uk	Student		Yes
  t71199jk 	Ji Soo	Kim	ji.kim-4@student.manchester.ac.uk	Student		Yes
  m63609tk 	Tianyu	Kou	tianyu.kou@student.manchester.ac.uk	Student		Yes
  intozrk4 	Raja	Krishnamoorthy	raja.krishnamoorthy@student.manchester.ac.uk	Student		Yes
  mclialj3 	Junquan	Lao	lao.junquan@student.manchester.ac.uk	Student		Yes
  a27782xl 	Xinming	Liang	xinming.liang@student.manchester.ac.uk	Student		Yes
  j50691jl 	Jiajin	Liao	jiajin.liao@student.manchester.ac.uk	Student		Yes
  intozjlj 	Junzhi	Liu	junzhi.liu@student.manchester.ac.uk	Student		Yes
  k11350hl 	Hongtao	Luo	hongtao.luo@student.manchester.ac.uk	Student		Yes
  mbyxahm2 	Hannah	Mahmood	hannah.mahmood@student.manchester.ac.uk	Student		Yes
  q24388em 	Eleni	Marshall	eleni.marshall@student.manchester.ac.uk	Student		Yes
  intozjm8 	Jonathan	Moreno-Gonzalez	jonathan.morenogonzalez@student.manchester.ac.uk	Student		Yes
  mmappmm8 	Murtaza	Mulla	murtaza.mulla@student.manchester.ac.uk	Student		Yes
  k87604km 	Kate	Mulrooney	kate.mulrooney@student.manchester.ac.uk	Student		Yes
  a21258sn 	Samuel	Newey	samuel.newey@student.manchester.ac.uk	Student		Yes
  mmappap3 	Adam	Pape-Jones	adam.pape-jones@student.manchester.ac.uk	Student		Yes
  mbyxakp2 	Kiran	Patel	kiran.patel-3@student.manchester.ac.uk	Student		Yes
  f52829fp 	Finlay	Pearce	finlay.pearce@student.manchester.ac.uk	Student		Yes
  t69027tp 	Teja	Potocnik	teja.potocnik@student.manchester.ac.uk	Student		Yes
  a73770wp 	William	Pumphrey	william.pumphrey@student.manchester.ac.uk	Student		Yes
  mcjsscr7_previewuser 	Christopher	Race_PreviewUser	christopher.race@manchester.ac.uk	Student		Yes
  j79685sr 	Samuel	Radomski	samuel.radomski@student.manchester.ac.uk	Student		Yes
  intozar7 	Adrian	Rahardjo	adrian.rahardjo@student.manchester.ac.uk	Student		Yes
  mbyx4jr2 	James	Roberts	james.roberts-5@student.manchester.ac.uk	Student		Yes
  mbgm4ask 	Anand	Sachdev	anand.sachdev@student.manchester.ac.uk	Student		Yes
  mbgm5os2 	Olamide	Sadipe	olamide.sadipe@student.manchester.ac.uk	Student		Yes
  f94553zs 	Ziqi	Shan	ziqi.shan@student.manchester.ac.uk	Student		Yes
  c36354js 	James	Shaw	james.shaw-6@student.manchester.ac.uk	Student		Yes
  q27240ys 	Yuan	Shui	yuan.shui@student.manchester.ac.uk	Student		Yes
  z01025cs 	Coral	Smith	coral.smith-2@student.manchester.ac.uk	Student		Yes
  h98637hs 	Ho Hon	So	ho.so@student.manchester.ac.uk	Student		Yes
  mcliahs4 	Han Wool	Song	han.song@student.manchester.ac.uk	Student		Yes
  n27621fs 	Fanzhi	Su	fanzhi.su@student.manchester.ac.uk	Student		Yes
  a75190bs 	Biqi	Su	biqi.su@student.manchester.ac.uk	Student		Yes
  a77872es 	Emma	Sumner	emma.sumner-2@student.manchester.ac.uk	Student		Yes
  y45144gt 	Gareth	Tainton	gareth.tainton@student.manchester.ac.uk	Student		Yes
  v99777zt 	Zen-Ferng	Tan	zen-ferng.tan@student.manchester.ac.uk	Student		Yes
  g95340ct 	Cameron	Thomley	cameron.thomley@student.manchester.ac.uk	Student		Yes
  mbgm5dt2 	David	Tobin	david.tobin-3@student.manchester.ac.uk	Student		Yes
  r82137lw 	Lewis	Whitmore	lewis.whitmore@student.manchester.ac.uk	Student		Yes
  v11943jw 	Jasper	Williams	jasper.williams-2@student.manchester.ac.uk	Student		Yes
  r72561sw 	Shilei	Wu	shilei.wu@student.manchester.ac.uk	Student		Yes
  intozmw4 	Mianhao	Wu	mianhao.wu@student.manchester.ac.uk	Student		Yes
  x39855by 	Bangxun	Yin	bangxun.yin@student.manchester.ac.uk	Student		Yes
  mcliakz2 	Kho	Zhi Quan	kho.zhiquan@student.manchester.ac.uk	Student		Yes
  j30868jz 	Junyang	Zhu	junyang.zhu@student.manchester.ac.uk	Student		Yes
  b81979jz 	Jingjie	Zhu	jingjie.zhu@student.manchester.ac.uk	Student		Yes